Planeta,Vx,Vy,Posx,Posy,Masa
Sol,0.0,0.0,640.0,360.0,1.0
Mercurio,-0.0,17.12724740705861,677.8797475896079,360.0,1.65e-07
Venus,-0.0,12.201274174555913,712.3282278932915,360.0,2.45e-06
Tierra,-0.0,10.381404334150317,739.9855489558366,360.0,3e-06
Marte,-0.0,7.95181339399506,791.7096449815631,360.0,3.21e-07
Júpiter,-3.3306174206775374e-16,-2.719655514550353,120.34497150459367,360.00000000000006,0.000954
Saturno,1.4350659695360433,-1.4350659695360437,-33.31655826653446,-314.3748082854222,0.000286
Urano,1.4371157672834989,-2.639938836611894e-16,639.9999999999997,-1559.1299999999999,4.37e-05
Neptuno,0.8093626338709807,0.8093626338709803,2766.0859970086804,-1766.1923092820184,5.15e-05